LoanOfficer_ID,First_Name,Last_Name,Branch_Id
1,Mechelle,Stoneman,1044
2,Tyesha,Freitag,1002
3,Dean,Stoecker,1038
4,Annelle,Pickney,1000
5,Margareta,Tacy,1028
6,Meghann,Placencia,1002
7,Kendrick,Cieslak,1044
8,Polly,Isenberg,1007
9,Evelyne,Racicot,1014
10,Augustus,Delaune,1034
11,Shawanda,Client,1018
12,Loura,Coffield,1017
13,Lorriane,Machin,1018
14,Lacey,Osier,1044
15,Nicki,Malchow,1029
16,Sidney,Bodiford,1049
17,Barbie,Cun,1043
18,Elden,Hanshaw,1015
19,Blossom,Loggins,1036
20,Joseph,Dennie,1003
21,Pattie,Markley,1017
22,Genevieve,Spahn,1022
23,Luciano,Jaworski,1051
24,Noe,Mahler,1013
25,Karri,Bransford,1004
26,Larae,Bonney,1044
27,Sharita,Fierros,1024
28,Frederica,Perla,1026
29,Mara,Elder,1004
30,Enola,Volz,1031
31,Leslie,Mccardell,1010
32,Gina,Coria,1006
33,Marietta,Taing,1015
34,Karlyn,Buchholtz,1033
35,Herma,Renken,1030
36,Gertrud,Gillispie,1025
37,Kelsie,Lavoie,1050
38,Selena,Jenney,1032
39,Teri,Schooley,1013
40,Lizette,Campana,1013
41,Mayra,Luby,1008
42,Luisa,Finneran,1027
43,Genoveva,Herrod,1025
44,Tandra,Toon,1003
45,Zoe,Mangrum,1028
46,Marquerite,Salaam,1014
47,Alva,Fonte,1016
48,Maudie,Cage,1007
49,Hilde,Greaves,1001
50,Christiana,Rippe,1037
51,Bulah,Warr,1027
52,Azzie,Stolte,1042
53,Sharri,Whistler,1049
54,Rebecka,Holliman,1020
55,Bryce,Muse,1040
56,Merideth,Marcus,1008
57,Nova,Boden,1028
58,Granville,Watchman,1004
59,Marquerite,Dearborn,1032
60,Arielle,Ketcham,1008
61,Shona,Buggs,1051
62,Aleta,Ciesla,1016
63,Jenni,Wichman,1016
64,Cuc,Phinney,1034
65,Danica,Fleig,1020
66,Shaquana,Emigh,1045
67,Brinda,Master,1028
68,Janell,Hinojos,1007
69,Karri,Celestin,1034
70,Enid,Bouley,1050
71,Desire,Klenke,1038
72,Brian,Chamberlain,1045
73,Kristeen,Farabaugh,1035
74,Gilda,Vanatta,1021
75,Princess,Bumbrey,1017
76,Earlie,Townson,1035
77,Fumiko,Laliberte,1009
78,Sherie,Chason,1002
79,Gricelda,Maravilla,1031
80,Serafina,Knoll,1040
81,Sachiko,Younkin,1019
82,Jena,Noles,1031
83,Shelby,Wiser,1024
84,Margareta,Spies,1046
85,Dinorah,Furey,1012
86,Kiyoko,Lechuga,1029
87,Danny,Kreger,1050
88,Nolan,Fenwick,1005
89,Lesli,Unrein,1002
90,Donya,Bartle,1033
91,Palma,Flanery,1030
92,Kenny,Clothier,1050
93,Kristen,Lossing,1015
94,Karoline,Felix,1015
95,Alan,Voll,1013
96,Glenda,Woolfolk,1009
97,Alyson,Hosack,1012
98,Francis,Sines,1011
99,Riley,Bagnall,1012
100,Carmina,Camp,1021
101,Alethia,Tiemann,1047
102,Deborah,Molinar,1014
103,Marvella,Huckstep,1008
104,Sallie,Briley,1018
105,Scottie,Backer,1046
106,Beatriz,Kinsey,1032
107,Mason,Carrow,1043
108,Regenia,Blish,1010
109,Necole,Faria,1043
110,Samantha,Hadfield,1003
111,Lida,Sing,1045
112,Bette,Church,1034
113,Illa,Friscia,1002
114,Magdalena,Clabaugh,1006
115,Sol,Lemley,1028
116,Angelyn,Nave,1031
117,Lorie,Hempstead,1006
118,Darlena,Brubaker,1045
119,Ivory,Almonte,1021
120,Keva,Sauage,1032
121,Krystin,Morita,1031
122,Margarito,Hintzen,1004
123,Alanna,Gillispie,1024
124,Alayna,Rosenblatt,1023
125,Deeann,Thomsen,1034
126,Guy,Moulton,1025
127,Ming,Scudder,1016
128,Mickey,Espino,1035
129,Mellissa,Mortimore,1031
130,Lesia,Stoute,1021
131,Pauletta,Murton,1028
132,Solomon,Chamberlin,1006
133,Neville,Yocom,1029
134,Vera,Edmiston,1024
135,Lawerence,Amburn,1014
136,Cedrick,Agnew,1025
137,Melinda,Kuchta,1046
138,Alma,Gelinas,1033
139,Francis,Sikes,1022
140,Minerva,Giles,1042
141,Nikki,Iskra,1012
142,Lore,Coil,1013
143,Marlena,Craner,1004
144,Darius,Trojacek,1019
145,Sade,Gasaway,1026
146,Sybil,Rahman,1012
147,Zoraida,Sumner,1001
148,Raina,Mccrae,1021
149,Elsa,Mcspadden,1047
150,Bernadine,Chung,1046
151,Francie,Frase,1010
152,Mariana,Vavra,1018
153,Nakita,Primer,1018
154,Aletha,Hardesty,1034
155,Dwain,Sargeant,1011
156,Thea,Hubbs,1044
157,Caleb,Peters,1049
158,Sparkle,Kaestner,1035
159,Narcisa,Hsieh,1006
160,Sherwood,Vanalstyne,1041
161,Jeanice,Joy,1017
162,Bert,Riter,1025
163,Dorotha,Aldinger,1032
164,Anisha,Thomson,1049
165,Rufus,Amerine,1002
166,Roslyn,Alaimo,1014
167,Noelle,Raybon,1033
168,Shanae,Hanger,1051
169,William,Hopf,1025
170,Adolfo,Bella,1021
171,Xenia,Schubert,1036
172,Brenton,Tokarski,1007
173,Hal,Bender,1038
174,Geraldine,Border,1022
175,Setsuko,Pardo,1018
176,Meghan,Sydnor,1031
177,Lavern,Gard,1013
178,Cyrus,Beckham,1042
179,Leeanne,Fortunato,1045
180,Nilda,Deyoung,1048
181,Marylee,Greenburg,1029
182,Gay,Aubert,1044
183,Janel,Carley,1042
184,Damaris,Nestle,1051
185,Jeanine,Hoerr,1041
186,Wiley,Scotto,1002
187,Dian,Cobian,1025
188,Brendan,Zilnicki,1051
189,Mana,Seegmiller,1047
190,Flavia,Nitta,1044
191,Humberto,Ware,1008
192,Ned,Permenter,1050
193,Albertina,Junkin,1012
194,Rosia,Duron,1021
195,Kena,Stallings,1042
196,Lolita,Pringle,1037
197,Kristen,Gilley,1010
198,Genaro,Koga,1049
199,Suzanna,Putman,1026
200,Candy,Konieczny,1022
201,Ozella,Conner,1003
202,Leonel,Hock,1027
203,Vannesa,Millard,1048
204,Melonie,Villacorta,1038
205,Dorine,Zeitler,1023
206,Bridget,Conyers,1014
207,Jacklyn,Dyment,1047
208,Felicita,Maclachlan,1048
209,Herbert,Gamache,1005
210,Antonietta,Llewellyn,1046
211,Pennie,Alling,1033
212,Laree,Kay,1015
213,Antonio,Navarette,1023
214,Steve,Mainor,1023
215,Gertrud,Sather,1032
216,Nan,Beverley,1038
217,Walter,Belford,1013
218,Colby,Hobart,1048
219,Patrick,Nocera,1034
220,Hilary,Modeste,1025
221,Elke,Licht,1034
222,Faustina,Dunson,1036
223,Tara,Clingman,1019
224,Elva,Hochmuth,1031
225,Opal,Groover,1051
226,Maryln,Ferris,1042
227,Katrina,Almon,1046
228,Stephane,Labelle,1025
229,Christene,Gloria,1011
230,Araceli,Majewski,1009
231,Marilou,Funderburg,1013
232,America,Tocci,1042
233,Erich,Ragin,1045
234,Neoma,Pellegrino,1037
235,Sid,Lamore,1037
236,Stella,Morman,1010
237,Ha,Durrah,1016
238,Chantel,Absher,1024
239,Torri,Wert,1015
240,Michelina,Holscher,1038
241,Verlene,Arviso,1048
242,Lois,Tew,1034
243,Miguelina,Hoyte,1018
244,Evelina,Willaert,1022
245,Ranae,Topp,1043
246,Carolann,Veasley,1042
247,Jeannette,Gravelle,1010
248,Lenita,Slevin,1038
249,Valentina,Quinby,1031
250,Latoyia,Bushway,1035
251,Keitha,Wold,1043
252,Flora,Plascencia,1015
253,Azucena,Herder,1009
254,Kathi,Lilienthal,1041
255,Andrea,Saine,1037
256,Shawna,Riviera,1023
257,Nolan,Harwell,1024
258,Jennell,Leverich,1034
259,Birgit,Puente,1044
260,Gerry,Medal,1035
261,Palma,Sample,1009
262,Annalisa,Rotolo,1044
263,Eilene,Jolly,1043
264,Kathey,Keep,1045
265,Fanny,Dutra,1040
266,Leanne,Proto,1018
267,Traci,Heier,1035
268,Jennette,Everett,1031
269,Levi,Sharpton,1050
270,Jackson,Sills,1038
271,Fabiola,Virden,1034
272,Wan,Zajac,1031
273,Franklin,Kruger,1023
274,Delcie,Graffam,1027
275,Yolonda,Jorgenson,1040
276,Kraig,Grove,1040
277,Joanna,Westman,1037
278,Luetta,Wyse,1024
279,Nana,Neilsen,1032
280,Elidia,Gillett,1023
281,Lien,Brigmond,1005
282,Meaghan,Majeed,1019
283,Dominica,Lanterman,1045
284,Cami,Ryals,1038
285,Caroline,Fleischer,1029
286,Joyce,Pleasant,1014
287,Kyung,Hearne,1028
288,Ranee,Boomhower,1039
289,Jong,Steele,1000
290,Benton,Duty,1033
291,Margrett,Hanks,1018
292,Sherwood,Lingenfelter,1011
293,Livia,Starr,1025
294,Edna,Holt,1013
295,Denise,Balser,1051
296,Rolf,Galley,1041
297,Enedina,Mika,1017
298,Brandon,Authement,1010
299,Afton,Dees,1023
300,Cecile,Kealey,1048
301,Dusty,Bickel,1013
302,Nichelle,Wasko,1026
303,Leeanna,Gregson,1050
304,Perry,Daigneault,1015
305,Solange,Borror,1044
306,Jamey,Kirwin,1024
307,Jani,Foulds,1013
308,Ted,Hartig,1002
309,Grace,Fitch,1039
310,Idalia,Peluso,1010
311,Gerri,Rotter,1015
312,Mervin,Woolum,1039
313,Nobuko,Bialek,1033
314,Kizzy,Mancil,1009
315,Nelda,Lucian,1026
316,Odessa,Marshburn,1004
317,Armida,Johanson,1037
318,Yang,Lubinski,1017
319,Luciana,Breneman,1042
320,Joaquin,Southworth,1050
321,Madalyn,Pettiford,1029
322,Annika,Seamon,1006
323,Deanna,Cleek,1029
324,Lynn,Clifton,1020
325,Horacio,Gilford,1050
326,Silvana,Gosier,1024
327,Casimira,Bakker,1046
328,Milagros,Hixson,1011
329,Vaughn,Revilla,1029
330,Cornelia,Holly,1051
331,Maryanna,Klemme,1018
332,Ines,Breeden,1005
333,Bill,Kuhlmann,1004
334,Ilda,Bethel,1006
335,Norene,Boudreau,1019
336,Sheron,Lefever,1025
337,Stefany,Pietrzak,1029
338,Cathleen,Brawn,1013
339,Loriann,Wedeking,1037
340,Jonathon,Red,1034
341,Genie,Muma,1034
342,Arletha,Badalamenti,1041
343,Elza,Buser,1001
344,Alaina,Lykes,1018
345,Pamula,Dalzell,1047
346,Maricela,Jhonson,1007
347,Audry,Mcgarr,1019
348,Kyla,Bingaman,1026
349,Shyla,Tubman,1020
350,Scottie,Felton,1044
351,Terrance,Joy,1035
352,Yee,Trieu,1050
353,Houston,Oller,1024
354,Ladawn,Ates,1022
355,Marylouise,Dorn,1032
356,Rex,Merriam,1015
357,Rosetta,Heidenreich,1039
358,Billye,Serafin,1037
359,Brittaney,Hermes,1005
360,Nannie,Colligan,1036
361,Emmy,Gallaway,1050
362,Giselle,Lou,1032
363,Pam,Melendez,1047
364,Julius,Blazek,1024
365,Krystina,Lucca,1001
366,Raisa,Musgrove,1015
367,Carmelo,Wain,1024
368,Kera,Gilkison,1050
369,Xavier,Trotta,1007
370,Florance,Lawhon,1003
371,Albertha,Digennaro,1024
372,Andra,Bevel,1030
373,Winford,Hamlin,1046
374,Bonny,Horney,1024
375,Codi,Garrels,1006
376,Kristeen,Warman,1048
377,Trinidad,Graziano,1051
378,Viva,Roda,1011
379,Manual,Vales,1003
380,Brendon,Puente,1029
381,Nathalie,Devita,1027
382,Zelda,Ogren,1037
383,Sadie,Hazelton,1010
384,Vinnie,Bains,1020
385,Frederick,Rankins,1042
386,Trish,Vickers,1005
387,Masako,Allman,1001
388,Ferne,Villalpando,1040
389,Elna,Kowal,1020
390,Aaron,Castello,1025
391,Gerard,Barrientos,1019
392,Wes,Imel,1049
393,Stella,Sears,1043
394,Josette,Vavra,1006
395,Guadalupe,Linen,1034
396,Jeremiah,Damiani,1046
397,Roxy,Lauber,1009
398,Federico,Biros,1048
399,Sol,Dantonio,1002
400,Lucas,Anchondo,1013
401,Ok,Then,1006
402,Mei,Vaz,1013
403,Janelle,Haddox,1025
404,Donald,Trollinger,1040
405,Shakira,Moreles,1040
406,Crista,Cuccia,1028
407,Phung,Dinh,1017
408,Paul,Lockett,1004
409,Merlyn,Hults,1037
410,Kym,Rotter,1031
411,Jocelyn,Akey,1025
412,Yukiko,Furtado,1049
413,Sonny,Wilner,1010
414,Verna,Beller,1001
415,Hai,Lippert,1031
416,Deeann,Burdette,1027
417,Londa,Gamache,1017
418,Shaina,Sentell,1007
419,Dominick,Dolson,1001
420,Len,Bufford,1012
421,Luvenia,Mattis,1044
422,Alysa,Harlow,1048
423,Eliz,Jennings,1011
424,Claris,Lamons,1024
425,Vina,Uhlig,1000
426,Glendora,Hemminger,1015
427,Nelly,Hardman,1013
428,Cinda,Hargett,1017
429,Clarinda,Pett,1024
430,Aisha,Waller,1022
431,Carina,Maybee,1009
432,Joanna,Savoy,1026
433,Kayleen,Watts,1017
434,Tobias,Wronski,1010
435,Karrie,Gust,1021
436,Migdalia,Schimmel,1049
437,Markita,Morphis,1045
438,Sid,Welk,1048
439,Iliana,Strauch,1021
440,Tawana,Showers,1032
441,Keren,Godbout,1003
442,Laureen,Wrinkle,1001
443,Grady,Kellogg,1032
444,Ulrike,Gurley,1014
445,Gracie,Rawlings,1022
446,Margurite,Knebel,1023
447,Claud,Lecompte,1000
448,Cole,Vanhouten,1021
449,Frances,Lloyd,1009
450,Lakendra,Schlottmann,1006
451,Rocky,Pridmore,1040
452,Esmeralda,Platts,1025
453,Rod,Kropf,1032
454,Marilynn,Speer,1044
455,Ira,Melendez,1008
456,Hae,Leininger,1023
457,Melita,Hiemstra,1006
458,Jacquetta,Baillargeon,1039
459,Lucio,Shahid,1030
460,Travis,Hamlett,1018
461,Mariko,Lemoine,1005
462,Janina,Jennison,1006
463,Marina,Ocon,1015
464,Laurette,Crumpler,1034
465,Britteny,Frierson,1021
466,Kerri,Grizzle,1022
467,Trudi,Deshazo,1012
468,Keitha,Muncy,1029
469,Gerri,Gargano,1002
470,Lin,Veliz,1040
471,Camelia,Drennen,1019
472,Tatyana,Reeser,1032
473,Felisa,Campo,1034
474,Tyler,Frandsen,1003
475,Mickey,Warfield,1006
476,Buster,Defilippo,1036
477,Lorine,Mchargue,1030
478,Alpha,Wicker,1041
479,Alesha,Borey,1028
480,Pattie,Remo,1044
481,Yang,Granillo,1020
482,Lynn,Sax,1010
483,Rosio,Hoard,1038
484,Cherri,Jasinski,1021
485,Phoebe,Plotner,1007
486,Silas,Selvy,1003
487,Georgette,Chism,1011
488,Lakiesha,Hightower,1051
489,Tona,Koss,1042
490,Lorette,Rotondo,1039
491,Lorinda,Bethke,1043
492,Arlen,Clinard,1024
493,Lesley,Lipton,1030
494,Rosanne,Mayers,1051
495,Selina,Leffler,1049
496,Milford,Sang,1019
497,Geraldine,Crimmins,1013
498,Veta,Crochet,1044
499,Haley,Warwick,1022
500,Dulcie,Wehmeyer,1033
501,Hallie,Swiger,1017
502,Reyna,Bourgault,1024
503,Lynda,Payan,1041
504,Stephaine,Coulter,1025
505,Fatima,Seaton,1011
506,Deeann,Balboa,1049
507,Jacquelyne,Knipe,1050
508,Migdalia,Killingsworth,1013
509,Silas,Elfrink,1011
510,Su,Mcmillin,1039
511,Charlesetta,Sillman,1033
512,Sandee,Hanna,1018
513,Manual,Steil,1038
514,Delmer,Zielinski,1024
515,Alla,Cann,1040
516,Nena,Sarabia,1032
517,Sebastian,Harn,1015
518,Consuela,Aikins,1036
519,Alissa,Chambers,1048
520,Hilary,Seabrooks,1023
521,Eufemia,Rossetti,1049
522,John,Belmont,1046
523,Mona,Mazzoni,1016
524,Sonya,Molnar,1038
525,Ozell,Weir,1030
526,Sanford,Dungy,1003
527,Vito,Mackin,1034
528,Evelina,Tallon,1002
529,Paulene,Gobeil,1027
530,Angla,Hartzler,1046
531,Bulah,Wark,1041
532,Lorean,Ogan,1004
533,Dorothy,Steger,1049
534,Benny,Kosinski,1010
535,Rasheeda,Buell,1041
536,Aracely,Engler,1024
537,Becky,Copland,1048
538,Annamaria,Donadio,1004
539,Burt,Maciel,1027
540,Bethany,Mcmanis,1000
541,Adrianna,Goodwill,1000
542,Delsie,Rockhill,1035
543,Emanuel,Motz,1015
544,Duane,Mojarro,1049
545,Estefana,Chi,1003
546,Temple,Delgiudice,1040
547,Millie,Skipworth,1029
548,Melania,Stillings,1045
549,Caroyln,Miser,1032
550,Sigrid,Casares,1037
551,Rowena,Nurse,1017
552,Chu,Maughan,1051
553,Drucilla,Devenport,1008
554,Willis,Neiman,1044
555,Hellen,Kimberling,1019
556,Libbie,Klopp,1023
557,Cecille,Normand,1046
558,Melita,Gurr,1027
559,Katelin,Kalina,1012
560,Rosa,Leonard,1000
561,Sheena,Hadden,1051
562,Karena,Neace,1018
563,Carmon,Ashford,1010
564,Ardella,Camacho,1012
565,Hoyt,Shadduck,1037
566,Todd,Holgate,1044
567,Qiana,Levan,1039
568,Risa,Magwood,1008
569,Hortense,Chattin,1041
570,Lee,Esses,1022
571,Mohamed,Bolles,1035
572,Merrill,Ballenger,1019
573,Deeann,Ashburn,1047
574,Perry,Viera,1023
575,Joyce,Sciacca,1043
576,Clayton,Shealy,1016
577,Nada,Sheilds,1044
578,Deanna,Rome,1019
579,Greta,Sartain,1017
580,Whitley,Leppert,1008
581,Jenette,Shover,1024
582,Franchesca,Centers,1038
583,Myrtice,Lonzo,1051
584,Santina,Cybulski,1023
585,Kayleigh,Cartier,1027
586,Dori,Reasoner,1049
587,Raymundo,Alcorn,1042
588,Edythe,Knutsen,1048
589,Adell,Westmoreland,1049
590,Delores,Gullick,1036
591,Cuc,Kossman,1030
592,Lakendra,Bobby,1003
593,Oneida,Haberman,1030
594,Ghislaine,Southwick,1013
595,Ardis,Overbey,1022
596,Fermin,Work,1028
597,Saundra,Voshell,1003
598,Bret,Styers,1006
599,Kortney,Shear,1041
600,Luanna,Gabler,1018
601,Danette,Lares,1027
602,Melisa,Munday,1011
603,Myriam,Roberie,1006
604,Izetta,Policastro,1049
605,Renata,Fettig,1047
606,Les,Lindsey,1035
607,Harris,Descoteaux,1010
608,Jazmine,Emery,1043
609,Sherrie,Pendelton,1002
610,Zaida,Romney,1015
611,Florencio,Coleman,1021
612,Velva,Bing,1012
613,Ying,Scheetz,1025
614,Keli,Shen,1036
615,Mitch,Grajeda,1046
616,Bryon,Furness,1043
617,Tamie,Bertucci,1031
618,Shaniqua,Pulido,1005
619,Adina,Farris,1015
620,Landon,Constantino,1045
621,Russell,Batres,1026
622,Leesa,Rieke,1038
623,Hank,Noblitt,1005
624,Priscilla,Lamphere,1022
625,Candida,Custis,1008
626,Karon,Wilmes,1021
627,Prudence,Cutler,1026
628,Myrl,Kandoll,1025
629,Lissa,Andrews,1018
630,Mikel,Ranger,1050
631,Yuri,Tiller,1006
632,Jonas,Reilley,1049
633,Santina,Sherlock,1016
634,Corrine,Snelling,1035
635,Kara,Wierenga,1012
636,Noriko,Arroyo,1044
637,Caron,Brasch,1012
638,Geoffrey,Follmer,1051
639,Clark,Vasser,1019
640,Wanetta,Bold,1024
641,Maricela,Damron,1019
642,Lynsey,Stinchcomb,1047
643,Lovetta,Kline,1029
644,Gracia,Moone,1003
645,Loma,Shears,1026
646,Adelle,Philbrick,1050
647,Clifford,Poehler,1047
648,Sun,Johnsrud,1004
649,Jenell,Marro,1046
650,Mendy,Strayer,1029
651,Harriette,Ing,1010
652,Veola,Domenech,1017
653,Denisha,Chabot,1032
654,Corrina,Carollo,1045
655,Cassandra,Fike,1000
656,Johnson,Pinedo,1026
657,Emery,Gessner,1014
658,Gaynelle,Slaton,1024
659,Alysia,Hipps,1016
660,Deeann,Keeler,1012
661,Lilliam,Harvard,1036
662,Shara,Syed,1037
663,Lorinda,Froman,1042
664,Bonita,Briganti,1044
665,Kendall,Simons,1003
666,Lakenya,Seabrooks,1017
667,Jammie,Gourlay,1004
668,Arlean,Juergens,1017
669,Boyce,Wehmeyer,1029
670,Sindy,Galyean,1019
671,Louis,Bullard,1006
672,Vita,Noonkester,1033
673,Lakeesha,Lesniak,1035
674,Charlette,Larry,1026
675,Heidi,Abadie,1049
676,Shandi,Medders,1006
677,Jenny,Severino,1047
678,Patience,Marley,1019
679,Lily,Wolter,1034
680,Robbyn,Diem,1012
681,Odette,Laclair,1002
682,Charlsie,Stern,1034
683,Anne,Dresel,1002
684,Josefina,Smiley,1012
685,Lisette,Mehr,1002
686,Sherryl,Siers,1036
687,Velia,Brayman,1050
688,Lyn,Pan,1038
689,Caitlin,Bessey,1027
690,Cristine,Roder,1046
691,Claire,Sward,1010
692,Adelle,Kovach,1034
693,Melissa,Kear,1018
694,Rosetta,Flagg,1022
695,Kina,Koffler,1002
696,Lang,Silver,1025
697,Regina,Lentine,1007
698,Viki,Cartledge,1028
699,Brett,Aasen,1045
700,Glynda,Maine,1013
701,Joane,Hasler,1010
702,Sook,Varnell,1023
703,Priscila,Leanos,1003
704,Evan,Deslauriers,1039
705,Luz,Huddleston,1046
706,Joann,Montag,1042
707,Jeannine,Pfeil,1037
708,Raina,Batdorf,1022
709,Madge,Lossing,1001
710,Vannessa,Lopez,1008
711,Irvin,Bumbrey,1012
712,Candida,Salinas,1036
713,Natalya,Bremer,1032
714,Shalon,Brook,1051
715,Kathaleen,Clepper,1035
716,Fausto,Dionne,1020
717,Hildegarde,Kitch,1028
718,Jarrett,Celestin,1050
719,Deneen,Wind,1036
720,Bradly,Ratchford,1048
721,Gayle,Modica,1016
722,Miles,Wyrick,1047
723,Hilton,Cousin,1049
724,Porsha,Adcock,1040
725,Renita,Glavin,1007
726,Hannelore,Yetter,1010
727,Norine,Cane,1039
728,Faustina,Szabo,1005
729,Jeraldine,Luque,1009
730,Elza,Prager,1033
731,Jodee,Grimm,1009
732,Alba,Mcpherson,1051
733,Tinisha,Addington,1032
734,Myrtice,Andino,1036
735,Kathern,Gebo,1011
736,Almeta,Razo,1015
737,Jared,Threlkeld,1045
738,Lashawna,Hough,1021
739,Kristi,Tow,1047
740,Luther,Lefevers,1011
741,Wilmer,Larkin,1023
742,Cammy,Scalf,1000
743,Deedee,Prokop,1031
744,Leandra,Allinder,1008
745,Terrilyn,Maly,1012
746,Riley,Wimbish,1004
747,Merrilee,Shook,1022
748,Filiberto,Alverson,1042
749,Elyse,Kendig,1021
750,Alysha,Ohern,1007
751,Armando,Fortney,1038
752,Lavona,Shoup,1041
753,Quentin,Wroten,1006
754,Coral,Bow,1001
755,Lorrie,Bradley,1010
756,Eliana,Zych,1043
757,Brigida,Edgar,1051
758,Kourtney,Fannin,1042
759,Peg,Mcelyea,1028
760,Elizabet,Bodine,1020
761,Fannie,Bostic,1040
762,Carolann,Dupler,1016
763,Devora,Mcguire,1035
764,Myrtie,Splawn,1041
765,Riva,Cha,1003
766,Albert,Redd,1033
767,Harley,Mcmeen,1038
768,Malika,Alanis,1018
769,Arcelia,Eubanks,1036
770,Mandie,Benito,1045
771,Terry,Cleary,1025
772,Nicolas,China,1047
773,Claud,Linley,1023
774,Rae,Luciani,1037
775,Ines,Scalf,1049
776,Tera,Durante,1001
777,Markus,Kump,1001
778,Clare,Hakes,1031
779,Mazie,Mebane,1034
780,Celestine,Metheny,1042
781,Jerrell,Goold,1010
782,Eneida,Koeppel,1012
783,Ailene,Eddleman,1043
784,Cora,Leeds,1036
785,Mirian,Orman,1046
786,Rachel,Rink,1045
787,Natalya,Falgoust,1025
788,Garnett,Calderone,1023
789,Dorethea,Dudding,1020
790,Jaimie,Siemers,1032
791,Milton,Sabol,1037
792,Betsey,Gallman,1038
793,Molly,Mckinzie,1016
794,Carrol,Harrelson,1034
795,Dylan,Mcbay,1019
796,Veta,Fultz,1001
797,Mariette,Whitten,1051
798,Xenia,Parrales,1032
799,Erwin,Ohlinger,1047
800,Zetta,Haan,1025
801,Rusty,Twiggs,1004
802,Zachary,Pitre,1014
803,Stacy,Andrzejewski,1014
804,Julie,Heineman,1038
805,Yuriko,Temme,1027
806,Deidra,Hufford,1008
807,Anisa,Gordillo,1032
808,Luna,Gleaton,1021
809,Laci,Pasko,1048
810,Julene,Kohr,1025
811,Felicita,Bemis,1027
812,Hollis,Okeefe,1047
813,Margherita,Ceron,1021
814,Doyle,Kegler,1040
815,Kris,Zuniga,1041
816,Ladawn,Reitz,1027
817,Isaiah,Frink,1034
818,Demetrius,Meadow,1002
819,Markus,Mcduffy,1038
820,Otelia,Montoya,1028
821,Florene,Chartrand,1003
822,Olene,Fink,1044
823,Gerardo,Mazurek,1005
824,Victor,Brunswick,1047
825,Sheilah,Izaguirre,1010
826,Jenae,Newbold,1024
827,Jospeh,Foushee,1016
828,Peggie,Pankey,1034
829,Coralee,Basel,1028
830,Loraine,Mcmillan,1040
831,Elidia,Stutts,1028
832,Ria,Atkins,1000
833,Claudio,Dibella,1017
834,Vernell,Millican,1035
835,Renato,Carraway,1018
836,Tajuana,Rubalcaba,1005
837,Shaquana,Thiele,1012
838,Zane,Applebee,1037
839,Terese,Chace,1027
840,Ruben,Albee,1025
841,Claretta,Helmers,1016
842,Dorris,Chastain,1013
843,Emerson,Harriston,1003
844,Pricilla,Shedd,1047
845,Carie,Murry,1021
846,Mitchel,Obey,1021
847,Carlee,Colella,1025
848,Billye,Kirsch,1037
849,Yaeko,Liz,1030
850,Helene,Boatman,1038
851,Rachele,Buzzard,1024
852,Delinda,Matta,1024
853,Hyun,Melody,1024
854,Rey,Letsinger,1032
855,Gabriella,Coyle,1001
856,Demetria,Mund,1014
857,Angeles,Matteo,1003
858,Venice,Underhill,1007
859,Naoma,Ames,1037
860,Mora,Katzman,1037
861,Grisel,Berger,1015
862,Catheryn,Buser,1017
863,Stephania,Fail,1027
864,Marsha,Canton,1006
865,Euna,Risk,1024
866,Leopoldo,Osby,1033
867,Stormy,Browder,1044
868,Karrie,Morrisey,1045
869,Tammera,Uzzle,1010
870,Mavis,Macrae,1032
871,Ellyn,Labrie,1047
872,Heike,Roehrig,1031
873,Milissa,Tiffany,1023
874,Mona,Clow,1051
875,Aurelio,Angles,1018
876,Dominque,Bogner,1037
877,Lorriane,Lovitt,1005
878,Fransisca,Bouie,1045
879,Joy,Girard,1049
880,Tamisha,Steinert,1019
881,Katrina,Boyce,1006
882,Concetta,Everts,1018
883,Lashaun,Havlik,1038
884,Loida,Lessman,1010
885,Conception,Pritt,1030
886,Glenna,Hoffman,1030
887,Matha,Pasco,1038
888,Lacy,Lampman,1049
889,Rheba,Lueras,1012
890,Brenda,Thakkar,1035
891,Wilda,Spagnolo,1017
892,Eileen,Lightford,1032
893,Jeanne,Farias,1004
894,Janella,Dangelo,1042
895,Angelina,Dunneback,1036
896,Nella,Denker,1017
897,Bula,Fenstermaker,1014
898,Joshua,Raminez,1048
899,Krysta,Alsup,1013
900,Toya,Kimberli,1027
